AA,Name,Version,Atom,ref
I,ILE,V3,CD1,http://ligand-expo.rcsb.org/reports/I/ILE/ILE_D3L1.gif
A,ALA,V3,CB,http://ligand-expo.rcsb.org/reports/A/ALA/ALA_D3L1.gif
D,ASP,V3,"OD1,OD2",http://ligand-expo.rcsb.org/reports/A/ASP/ASP_D3L1.gif
N,ASN,V3,"OD1,ND2",http://ligand-expo.rcsb.org/reports/A/ASN/ASN_D3L1.gif
C,CYS,V3,SG,http://ligand-expo.rcsb.org/reports/C/CYS/CYS_D3L1.gif
E,GLU,V3,"OE1,OE2",http://ligand-expo.rcsb.org/reports/C/CYS/CYS_D3L1.gif
F,PHE,V3,CZ,http://ligand-expo.rcsb.org/reports/P/PHE/PHE_D3L1.gif
G,GLY,V3,CA,http://ligand-expo.rcsb.org/reports/G/GLY/GLY_D3L1.gif
H,HIS,V3,"CE1,CD2",http://ligand-expo.rcsb.org/reports/H/HIS/HIS_D3L1.gif
L,LEU,V3,"CD1,CD2",http://ligand-expo.rcsb.org/reports/L/LEU/LEU_D3L1.gif
M,MET,V3,CE,http://ligand-expo.rcsb.org/reports/M/MET/MET_D3L1.gif
P,PRO,V3,CG,http://ligand-expo.rcsb.org/reports/P/PRO/PRO_D3L1.gif
Q,GLN,V3,"OE1,NE2",http://ligand-expo.rcsb.org/reports/G/GLN/GLN_D3L1.gif
S,SER,V3,OG,http://ligand-expo.rcsb.org/reports/S/SER/SER_D3L1.gif
Y,TYR,V3,CZ,http://ligand-expo.rcsb.org/reports/T/TYR/TYR_D3L1.gif
V,VAL,V3,"CG1,CG2",http://ligand-expo.rcsb.org/reports/V/VAL/VAL_D3L1.gif
T,THR,V3,OG1,http://ligand-expo.rcsb.org/reports/T/THR/THR_D3L1.gif
W,TRP,V3,"NE1,CZ3",http://ligand-expo.rcsb.org/reports/T/TRP/TRP_D3L1.gif
K,LYS,V3,NZ,http://ligand-expo.rcsb.org/reports/L/LYS/LYS_D3L1.gif
R,ARG,V3,"NH1,NH2",http://ligand-expo.rcsb.org/reports/A/ARG/ARG_D3L1.gif
SC,SEL,V3,OG,http://ligand-expo.rcsb.org/reports/S/SEL/SEL_D3L1.gif
MS,MSE,V3,CE,http://ligand-expo.rcsb.org/reports/M/MSE/MSE_D3L1.gif
OTHER,OTHER,OTHER,CA,
MK,MLZ,V3,NZ,http://ligand-expo.rcsb.org/reports/M/MLZ/atom-names.html